{
    "accuracy": 0.9314101580481817,
    "precision": 0.9543336439888164,
    "recall": 0.720112517580872,
    "f1": 0.8208416833667335,
    "roc_auc": 0.9317002273263685,
    "test_samples": 6517,
    "confusion_matrix": {
        "tn": 5046,
        "fp": 49,
        "fn": 398,
        "tp": 1024
    }
}